A1,A2,Class
-1.810745,-6.985481,1
0.605456,-4.52865,1
0.080715,-3.380374,1
2.757078,-4.676496,1
-4.242668,-3.133825,1
-1.413683,-5.183453,1
6.553873,0.234863,1
-1.054939,-2.90971,1
3.935028,-4.078328,1
2.933757,-3.877136,1
4.552351,2.675665,1
5.583123,0.942767,1
1.550078,-2.740372,1
-4.585617,-3.892274,1
-3.617144,-4.912128,1
1.999172,3.772219,1
3.844328,5.233333,1
4.123054,-2.296493,1
3.94815,3.686212,1
4.727061,-0.073253,1
-0.153574,-4.692884,1
-5.869785,-3.32467,1
3.5667,-1.393247,1
-0.518757,-3.673277,1
6.053968,1.975547,1
-3.716415,-4.210446,1
4.714436,1.065998,1
3.114302,3.369196,1
4.5226,1.699038,1
4.18794,-4.636893,1
4.567997,2.285941,1
-3.68134,-3.191375,1
3.720098,-1.312158,1
3.793283,-4.448974,1
4.414065,-1.503067,1
3.567877,2.035196,1
-3.806443,-1.850276,1
-4.263928,-2.741323,1
-2.817909,-3.069677,1
3.905975,-3.496219,1
5.47637,-0.174215,1
1.401275,5.301823,1
4.336035,3.778549,1
-1.198695,-6.509093,1
2.513091,-6.922192,1
5.067411,-1.053858,1
4.926015,4.58575,1
4.796195,-2.205658,1
0.429417,-5.422143,1
5.247592,0.851841,1
4.13386,2.594646,1
6.341279,-2.81833,1
-2.767199,-4.43062,1
1.183314,-4.418723,1
2.679979,6.580661,1
4.91525,-0.904208,1
4.993515,0.840729,1
4.246852,3.061873,1
4.828413,-1.112586,1
1.010641,3.504288,1
4.261596,-4.120877,1
-1.079483,-6.246062,1
-2.47917,-3.462171,1
-0.996612,-4.921614,1
4.626657,2.867284,1
3.663438,-4.65243,1
1.999073,-4.745484,1
-5.006814,-3.423439,1
6.259629,-2.929001,1
5.396618,4.280272,1
-3.394017,-2.670225,1
1.586796,4.291325,1
3.334463,-3.207291,1
-3.785398,-2.953377,1
-5.583876,-4.085416,1
1.65152,-5.871864,1
-0.120757,-4.113609,1
-3.580645,-2.345253,1
4.226451,-5.347214,1
0.922319,2.387662,1
0.473785,-5.129745,1
1.803584,-3.51086,1
4.04805,-0.708617,1
-3.276847,-5.5713,1
-2.679117,-4.751544,1
4.063521,-2.190998,1
2.573993,-4.419665,1
-2.277491,-5.380152,1
3.090264,5.50663,1
-4.279568,-3.578909,1
-1.570343,-6.161951,1
-2.941052,-5.851285,1
-3.160496,-2.649209,1
5.852412,-3.447557,1
3.290546,-3.081431,1
4.924089,2.92662,1
-3.988372,-0.937434,1
0.544397,-5.077699,1
0.856934,-3.728075,1
-5.143861,-2.63517,1
3.803634,-4.183629,1
4.935452,-3.025551,1
-2.636125,-4.090795,1
1.068934,1.350855,1
4.093082,-5.939895,1
3.805229,2.286569,1
6.551942,-2.982056,1
6.016246,-0.233573,1
-1.385806,-5.100792,1
-4.107047,-2.346057,1
2.270414,3.532137,1
-1.418233,-3.793899,1
0.771178,-6.119362,1
-3.88631,-3.641458,1
3.382156,3.845364,1
3.103948,3.678652,1
0.893851,-5.956062,1
-1.739993,-4.212704,1
4.764044,0.23242,1
-0.069091,-3.983517,1
5.631237,-0.161344,1
3.243818,4.371457,1
-3.970518,-1.996198,1
2.167632,1.916703,1
-0.50289,-6.150899,1
4.843382,4.462862,1
5.530888,-3.853202,1
2.95033,-4.62956,1
0.505381,-4.608549,1
3.87288,-3.116764,1
3.67855,0.142448,1
0.390002,-5.245128,1
3.517171,0.334915,1
0.927852,-4.675092,1
5.070292,-2.068823,1
5.590412,-1.381101,1
4.401392,-1.352064,1
4.458394,2.857084,1
-4.299828,-4.613292,1
0.995579,5.596467,1
-4.882616,-4.857834,1
3.111295,-4.399448,1
3.41426,4.409763,1
0.987981,-4.428475,1
-1.551008,-4.884517,1
-2.410825,-5.164862,1
-0.757385,-4.606587,1
3.865892,-4.893117,1
4.189041,-3.247113,1
4.696467,-1.794677,1
2.719914,-5.541545,1
4.3476,5.012492,1
4.335793,-4.445624,1
3.684377,0.000628,1
4.326856,0.336419,1
6.201498,1.636216,1
-1.21565,-2.197683,1
5.621771,-2.379362,1
3.277605,-2.697755,1
-3.548993,-4.122446,1
4.433239,-1.470347,1
1.150378,-5.762274,1
5.771603,3.260472,1
-1.345146,-4.199763,1
5.078305,1.275438,1
-1.080805,-3.934568,1
3.269315,-0.48871,1
0.606664,-5.243641,1
3.598351,2.593703,1
6.272614,2.961766,1
1.159543,-5.762327,1
4.082406,2.605302,1
-4.40093,-3.55006,1
5.350476,-1.985041,1
4.408245,3.627567,1
4.997365,1.33756,1
4.504681,3.126922,1
3.439431,5.234106,1
3.790728,2.724238,1
-4.051754,-3.821567,1
0.200594,-4.574901,1
0.397402,-2.700813,1
2.988815,-0.881977,1
4.762055,-4.073425,1
-4.934331,-2.561041,1
-1.12518,-4.677679,1
5.71142,-2.029234,1
-3.298426,-2.31534,1
3.936402,0.337339,1
3.070478,-3.364078,1
4.401064,-3.797982,1
4.993313,-3.473154,1
5.361874,-1.827085,1
4.788919,-4.069014,1
-1.262324,-4.28398,1
5.209871,0.462657,1
3.982088,-1.839818,1
3.009855,3.406429,1
5.755621,0.656345,1
-1.104843,-4.725215,1
0.34173,-4.65696,1
-3.383819,-3.690373,1
4.39299,3.563401,1
4.912201,-2.821524,1
4.417061,-1.318689,1
4.227137,-2.202764,1
-3.694535,-3.017646,1
4.47279,1.819403,1
5.337316,-2.024271,1
-7.62088,-2.166763,1
4.530384,5.57733,1
3.21769,-0.01066,1
3.013267,1.143576,1
2.173471,5.685519,1
3.512084,2.606874,1
2.120158,3.288938,1
3.465178,-3.294864,1
0.226157,-3.291865,1
3.585602,-2.257206,1
-3.215844,-2.90401,1
-3.230166,-4.228639,1
2.773021,3.509403,1
-0.117243,-5.223867,1
3.605666,3.27616,1
3.857337,2.495585,1
-4.049929,-2.746584,1
4.406937,2.595318,1
5.354824,1.857095,1
-4.135383,-4.20366,1
-1.342538,-4.972116,1
2.475763,3.56271,1
-3.007869,-3.839639,1
5.472237,0.236369,1
3.685674,2.238529,1
2.070307,-3.241071,1
-6.238489,-4.773013,1
3.901354,-1.524775,1
3.376451,-3.830527,1
0.916969,-5.917843,1
2.66185,5.486752,1
-3.209767,-5.580301,1
-4.188895,-4.060024,1
3.593144,4.990357,1
0.890723,3.560287,1
5.992466,0.156726,1
-4.204461,-3.170157,1
0.577213,-4.68737,1
1.119999,-6.051008,1
3.279917,-4.757508,1
-1.398662,-3.825944,1
-0.561346,-5.102142,1
4.602241,-5.717924,1
3.277237,3.734449,1
4.126758,1.03308,1
1.012003,-5.100127,1
3.427721,4.433616,1
-1.295725,-5.110519,1
0.586716,-3.33013,1
4.632227,2.869591,1
-3.267675,-1.387098,1
4.432005,1.653781,1
1.213632,4.721323,1
0.235572,-4.187424,1
4.007986,-0.534267,1
4.439588,-2.207252,1
-3.001906,-4.429182,1
-3.468736,-2.289426,1
2.58266,-3.003764,1
3.18288,3.025109,1
-2.887711,-6.191233,1
1.686696,3.863913,1
0.768629,4.855762,1
-1.309019,-4.804284,1
4.151608,3.064892,1
2.192301,4.675929,1
1.146779,4.606074,1
0.56301,-4.19943,1
4.136461,3.095939,1
-0.076968,-5.732552,1
5.130331,1.745631,1
2.801537,-4.202474,1
2.841702,-4.54909,1
1.641427,-4.962637,1
5.614299,-0.485139,1
-3.532759,-4.860587,1
3.027631,2.550644,1
4.615174,1.527349,1
-2.174992,-4.512183,1
-3.479811,-1.700646,1
3.533387,4.262956,1
-3.125518,-3.29573,1
-2.660521,-2.469869,1
-4.036535,-3.284608,1
2.09237,-3.490171,1
-4.862008,-2.174333,1
5.448979,-0.111859,1
5.897749,0.759492,1
3.373742,5.930341,1
5.522341,0.027761,1
4.233349,0.473691,1
3.741286,-2.396904,1
0.244692,4.795703,1
6.6498,0.01984,1
3.758731,-0.732347,1
2.856351,-4.948752,1
-1.869421,-3.75806,1
4.991442,0.858713,1
0.490079,-5.56424,1
1.404772,-3.909812,1
5.202274,3.723005,1
1.040908,5.217758,1
5.266233,-0.403243,1
5.792055,-0.428787,1
-3.256842,-2.833446,1
-3.711976,-1.987617,1
4.834286,-3.696849,1
-3.941689,-1.916199,1
3.747941,-3.42742,1
-4.817551,-3.313761,1
-4.770654,-0.865805,1
-0.561922,-4.926275,1
0.582758,-3.911283,1
-2.883831,-5.589224,1
3.017516,3.679982,1
4.853983,-0.164072,1
4.335852,4.109379,1
4.70092,1.461965,1
3.314662,4.838969,1
-3.219217,-5.458539,1
2.473874,3.534823,1
3.067161,-1.079579,1
1.705764,2.830422,1
-0.507778,-4.38588,1
5.435075,-1.439071,1
2.285937,-4.89171,1
3.627213,-2.77032,1
4.251823,2.668411,1
2.959577,4.042099,1
1.216909,-6.865176,1
0.157838,-4.037425,1
5.117139,2.373917,1
4.710823,-2.568201,1
0.514941,-5.819888,1
5.698548,-2.60524,1
3.456899,2.459874,1
2.342973,-5.518261,1
-3.78692,-2.941322,1
-3.656435,-4.498391,1
-3.224774,-4.776264,1
-5.694099,-2.676054,1
-2.660424,-5.164669,1
5.056983,-0.940547,1
3.15445,1.15581,1
4.565304,2.71534,1
-5.872239,-3.448119,1
3.941881,-4.040321,1
5.179317,1.81824,1
5.899224,-2.173257,1
-2.475617,-5.272424,1
4.252504,1.450327,1
4.994498,0.780379,1
-3.165715,-3.764603,1
5.462373,0.264149,1
1.772705,3.977689,1
-4.771738,-3.439502,1
4.402783,2.883526,1
5.342831,-0.346703,1
4.434387,-3.461803,1
-1.895804,-2.514415,1
6.506363,-2.217524,1
-0.351502,-3.48079,1
1.470741,1.944457,1
-2.889489,-1.41927,1
-2.308816,-1.016135,1
-2.585241,-2.402211,1
5.519943,2.016345,1
3.816656,-3.68488,1
5.415009,-1.144761,1
4.992385,3.661695,1
5.032402,-0.887718,1
-1.851303,-6.085014,1
-6.011172,-4.203337,1
1.613815,3.917879,1
-3.663788,-4.515979,1
4.019074,0.837201,1
-4.997141,-3.412152,1
4.244211,-0.517695,1
3.164819,1.383306,1
2.806985,-3.019489,1
3.44672,-6.77501,1
-2.705196,-3.399023,1
3.885572,0.90853,1
5.049976,0.829363,1
4.569586,1.610512,1
2.919523,-3.897454,1
5.095561,0.302434,1
-1.590542,-6.235843,1
5.648193,0.886995,1
4.24952,-1.956357,1
2.874578,-2.564424,1
0.832728,-3.223671,1
4.940277,2.028187,1
5.551266,-0.615961,1
-5.268853,-3.319077,1
4.205411,0.440015,1
3.262978,3.458491,1
3.548489,-1.549786,1
1.156376,-3.78407,1
5.139252,1.633414,1
5.755888,-0.976769,1
1.093958,-4.707953,1
5.052182,0.624723,1
-4.985242,-1.841482,1
-1.316916,-5.166637,1
5.007439,-0.332787,1
4.618582,1.752558,1
4.710235,-1.168086,1
3.35775,1.440842,1
1.295727,2.976391,1
3.615303,3.054109,1
3.174724,3.543367,1
-3.008766,-3.330342,1
5.01087,-2.55382,1
-1.824952,-5.802175,1
-1.607508,-4.107904,1
5.933026,-1.263176,1
-3.513327,-4.785307,1
3.745306,-1.37484,1
3.49188,1.066681,1
4.441537,-4.088377,1
5.453698,2.868416,1
1.521657,-4.92031,1
-4.089624,-2.911292,1
2.663609,-3.158592,1
-2.10997,-3.06424,1
6.46497,-1.908716,1
4.670379,0.067213,1
1.923431,-3.756432,1
5.192455,-0.736468,1
4.115036,-1.512084,1
3.914392,0.190141,1
2.440079,-2.543192,1
-0.192858,-4.835392,1
2.563699,-3.331704,1
-5.741764,-1.949167,1
5.179498,2.070569,1
1.855375,-5.033783,1
3.924779,-3.760855,1
5.05366,-1.761027,1
3.334467,-4.881162,1
-3.965769,-1.699299,1
-0.750408,-3.719302,1
2.445887,2.031229,1
-3.264043,-3.074705,1
-2.261789,-4.415478,1
3.426681,-1.439622,1
-0.778914,-6.815034,1
3.718674,4.663309,1
4.83745,-3.64502,1
-0.208851,-4.851978,1
5.193784,3.82668,1
1.584171,-4.779457,1
5.428391,2.487253,1
-1.755129,-3.751112,1
4.761743,2.130253,1
5.686391,2.450074,1
3.461929,3.270489,1
0.192099,-4.592836,1
1.778214,-3.600945,1
1.271182,3.171395,1
3.908343,0.70886,1
-0.582178,-3.485162,1
-2.30446,-1.317315,1
0.742387,-4.918568,1
-2.09405,-6.422344,1
5.584583,2.109118,1
-1.296262,-5.345493,1
-3.757335,-2.251722,1
-2.430902,-4.39778,1
-1.268156,-6.387084,1
-3.037431,-5.540932,1
4.732074,-2.240773,1
1.321406,-4.710024,1
2.601556,5.99586,1
-6.602047,-2.579692,1
5.528335,-0.793844,1
4.831299,-2.453543,1
0.994059,-3.273298,1
5.387602,-3.018812,1
-2.095734,-3.202946,1
3.06505,-3.603756,1
6.832341,1.120951,1
5.101918,2.44347,1
2.193864,-5.748503,1
-3.805953,-2.41152,1
-4.330676,-1.981345,1
2.132469,-5.521905,1
3.991195,0.710313,1
5.245484,-3.76807,1
1.376436,4.680924,1
4.30333,-0.469343,1
-1.265546,-5.174574,1
-2.738235,-4.43139,1
4.976111,-2.868183,1
4.187853,-3.791492,1
5.232975,0.515446,1
4.241886,4.579197,1
0.00139,-2.927958,1
-4.122867,-5.284654,1
6.292728,0.285761,1
3.44071,-3.302037,1
1.758052,5.036428,1
2.938093,5.899735,1
3.518005,-4.365123,1
-1.513651,-5.13791,1
2.592837,3.934346,1
-4.010277,-0.146971,1
3.540835,-2.805809,1
-0.06792,-4.842507,1
-3.424585,-4.357839,1
2.58552,-1.446576,1
2.347163,-3.136507,1
-0.96023,-4.725324,1
4.522664,0.181489,1
-4.559171,-1.499524,1
2.751478,4.807424,1
2.583474,-3.714581,1
-4.505234,-2.105072,1
-3.330892,-2.697562,1
-0.135809,-7.552608,1
5.128055,1.856661,1
3.791552,-1.446638,1
3.631035,0.58161,1
5.909335,-0.711256,1
-5.112714,-3.443869,1
3.461092,-4.012971,1
-0.082751,-5.099006,1
-1.03874,-5.169577,1
-6.538408,-3.652999,1
-2.776388,-3.10609,1
5.173963,-1.587228,1
2.148264,-3.843499,1
4.763916,-0.919821,1
-2.839689,-2.364495,1
4.275235,-1.80344,1
-3.028896,-3.812756,1
3.928303,-1.780967,1
-4.239349,-1.896273,1
2.817331,3.50294,1
-6.050842,-2.831476,1
-0.098628,-5.261432,1
1.180485,-4.790838,1
4.131962,-2.162396,1
4.230436,1.364825,1
-3.040962,-5.389921,1
-2.777205,-5.005641,1
5.645823,2.796021,1
4.058053,1.285494,1
-3.290819,-2.906924,1
0.662037,-6.138833,1
2.316376,-4.908323,1
3.268175,-3.413715,1
1.51733,4.96215,1
4.844322,1.54174,1
-5.804327,-2.105492,1
-3.171855,-4.652853,1
0.350109,3.695878,1
5.194883,-4.20505,1
4.022532,-2.067284,1
-0.678845,-4.187196,1
5.653813,-3.455417,1
2.349225,-3.493667,1
-1.918335,-4.905081,1
1.482552,-3.429101,1
3.570643,4.547853,1
4.634317,2.132008,1
-1.17724,-5.056881,1
-3.489025,-1.319736,1
5.633512,0.400296,1
4.605871,3.485027,1
3.689511,4.736615,1
4.641922,-1.262794,1
6.300601,-2.502266,1
4.896255,-1.885867,1
-4.763909,-2.560575,1
-0.748007,-6.156299,1
-0.095018,-5.197144,1
1.656159,-5.205337,1
0.762108,-2.820978,1
-0.609682,-5.870515,1
4.047936,1.756462,1
2.295807,-2.77252,1
-3.669954,-1.598573,1
4.896172,3.197828,1
-0.893538,-5.63463,1
2.6719,3.536628,1
-3.554614,-4.483018,1
4.573148,-1.355063,1
1.661096,3.63326,1
-1.227194,-3.766562,1
4.726202,-0.957436,1
-0.882323,-4.681608,1
1.849832,5.339839,1
-3.776637,-3.764688,1
0.194884,-5.521106,1
-1.61901,-4.444307,1
-4.368592,-4.638366,1
-1.681284,-5.460639,1
1.383683,-4.572474,1
-3.658603,-3.434757,1
-1.099803,-5.596421,1
-3.242902,-2.894101,1
0.759091,-5.071059,1
2.452762,3.022661,1
-2.611545,-2.739544,1
0.573463,-3.929034,1
2.834328,-2.712542,1
-0.932933,-6.253226,1
5.166629,-0.961244,1
3.043786,-2.995505,1
4.956264,-3.058871,1
-3.645031,-4.61264,1
-0.136206,-4.733952,1
4.99292,1.552583,1
1.844763,-5.978581,1
4.169011,2.242419,1
0.375083,-4.485521,1
3.680815,0.739683,1
-6.485929,-2.901773,1
-1.037175,-3.759979,1
2.270978,-3.292248,1
-2.920653,-2.917605,1
4.279074,-0.932106,1
4.57006,3.557813,1
-4.19563,-2.706039,1
-0.846305,-5.065874,1
1.737544,-4.765573,1
-1.882521,-2.384636,1
1.742378,4.827417,1
4.687993,-1.715518,1
-3.917535,-1.114915,1
4.057764,3.443819,1
1.554906,-3.194969,1
4.542322,-3.723879,1
-1.055845,-7.466578,1
-3.069882,-3.657531,1
5.647458,1.722434,1
4.958589,-3.729992,1
-2.092504,-4.226682,1
2.926193,3.387841,1
-0.394306,-4.216991,1
-2.498601,-3.874693,1
5.410161,-1.391107,1
5.424129,0.293692,1
3.45535,-3.688384,1
1.849094,-5.828219,1
-2.695956,-4.541827,1
3.907367,-1.879637,1
2.446804,-2.828221,1
1.947371,3.586825,1
2.845527,-3.341796,1
3.439003,-3.00904,1
3.811115,2.440327,1
5.393144,3.206559,1
-4.867763,-2.770524,1
4.327368,2.118259,1
-5.226423,-2.675312,1
-1.048247,-5.384564,1
-3.128419,-3.294665,1
-0.593446,-6.352577,1
2.635681,5.369407,1
5.145626,0.029677,1
2.815818,-4.690147,1
5.009108,1.354375,1
1.325126,-5.028925,1
4.917699,0.403447,1
-5.209309,-1.190308,1
4.08952,-1.39136,1
3.72628,3.932227,1
-2.026856,-3.460413,1
-6.103238,-1.638199,1
4.48256,-0.964846,1
4.416033,-2.309186,1
-0.40582,-3.817194,1
5.729831,-3.157686,1
4.892867,2.879315,1
-4.625866,-2.081586,1
2.750876,-3.238585,1
4.466544,2.764856,1
4.627863,3.950635,1
-2.596236,-4.305562,1
-0.099365,-5.461349,1
-5.317231,-2.386744,1
-2.99052,-6.473798,1
-1.644868,-3.745839,1
-1.921535,-4.94137,1
-4.712224,-3.585129,1
3.774121,2.579456,1
3.100821,1.670853,1
-2.747149,-3.792485,1
0.098936,-2.114821,1
4.546778,-0.704943,1
4.242433,0.411314,1
3.285153,-3.493638,1
4.062564,0.694926,1
3.287122,-1.611755,1
2.083962,-5.081799,1
4.203474,-3.183972,1
5.793685,2.17029,1
-4.187766,-4.285262,1
4.049359,-5.781473,1
3.847835,-1.886718,1
0.016729,-4.917885,1
-1.700359,-3.93689,1
0.773626,-5.473197,1
3.798466,4.423614,1
3.8894,3.62712,1
1.328957,-4.779869,1
-2.356348,-3.062665,1
6.115817,-2.278064,1
-0.702965,-6.392794,1
2.246333,3.289716,1
4.569122,6.30724,1
2.896117,-3.79735,1
-5.438423,-4.120964,1
-1.41816,-4.474776,1
-2.983514,-2.771082,1
4.310328,-0.295371,1
-1.026269,-5.658073,1
4.437136,-0.136214,1
-0.84684,-4.656717,1
5.002469,1.937894,1
4.096554,2.712063,1
2.797591,-3.490698,1
5.273738,4.159514,1
2.278403,-4.892689,1
3.052334,1.437637,1
-3.404,-2.604425,1
5.087926,2.12086,1
3.773154,-2.537471,1
-1.886629,-6.825947,1
4.409934,-1.358367,1
-0.37217,-6.600467,1
1.552142,5.51573,1
-0.842921,-4.731201,1
3.791446,-2.302525,1
-6.721385,-3.80789,1
-0.38833,4.4332,1
3.578815,3.667696,1
-1.520985,-6.06781,1
1.083486,-6.446053,1
-5.099099,-3.646999,1
3.914354,-2.68865,1
2.351262,-2.916765,1
5.893157,-2.951654,1
5.221261,-3.985146,1
2.54173,-2.24307,1
-1.409003,-2.915838,1
-2.481006,-3.487895,1
-3.413491,-4.493083,1
-1.532672,-4.395147,1
-2.658549,-4.805128,1
-0.319308,-4.164723,1
3.49041,-2.721762,1
3.169631,-2.426889,1
5.122118,1.209773,1
2.199732,5.34602,1
3.827721,-1.911544,1
-2.655672,-4.342625,1
3.307592,-0.746745,1
5.667051,0.090249,1
5.227891,-0.759043,1
4.51436,-4.49337,1
5.965207,3.16428,1
-4.94524,-4.562406,1
4.546637,-1.289292,1
-1.623102,-3.959687,1
-2.783848,-4.542964,1
5.982299,1.842947,1
4.502455,2.60572,1
4.879004,-2.069526,1
0.501528,-6.542302,1
2.106506,5.415658,1
4.299714,-3.474762,1
1.456497,-3.798542,1
0.358492,-4.788183,1
1.799559,-5.846516,1
-2.032609,-3.798903,1
-2.035322,-4.205533,1
-3.642562,-4.697978,1
-4.793785,-3.153318,1
-2.848783,-3.816643,1
3.914609,1.723999,1
-3.801521,-3.948471,1
-3.924692,-5.951622,1
1.332681,3.980692,1
6.109565,-1.423556,1
4.919129,1.855921,1
0.739476,-2.579385,1
4.945118,1.215419,1
-4.636858,-0.887698,1
1.813869,5.018981,1
3.657762,-3.187483,1
4.649149,3.751172,1
2.541876,-4.404938,1
-1.409911,-4.894438,1
6.399537,1.656029,1
3.460241,-3.302237,1
6.014563,2.74208,1
3.942859,1.879124,1
-0.986631,-5.008653,1
-3.889371,-3.756754,1
1.738018,-5.988711,1
2.492848,4.74562,1
2.384211,-3.80236,1
6.205784,-1.076086,1
2.975619,-3.285478,1
-4.832931,-1.375359,1
3.245984,-4.876616,1
4.188143,-1.727963,1
-1.519186,-4.074874,1
-3.247587,-3.571399,1
3.4258,-4.688355,1
6.650219,-0.025462,1
-1.974543,-1.941048,1
7.231798,1.200659,1
-0.217583,-3.55199,1
-1.429373,-3.340271,1
-5.481631,-4.824511,1
2.858819,2.785925,1
-2.671113,-4.366382,1
1.938113,-5.351004,1
2.051257,3.458617,1
4.690039,0.853148,1
5.119571,2.540375,1
-2.233183,-2.477994,1
-2.268406,-4.401984,1
-0.708785,-4.145675,1
-0.545687,-2.404205,1
0.128006,-6.025796,1
-1.408769,-4.310422,1
5.888881,-1.872142,1
1.593869,2.725383,1
5.161674,-1.062655,1
3.699019,-2.724136,1
4.306168,-2.803635,1
-0.718737,-5.269941,1
5.585765,0.02822,1
4.029427,5.760557,1
-0.938945,-4.946771,1
3.156417,-3.753195,1
2.911343,4.599313,1
4.58021,-5.11762,1
-1.969723,-6.799819,1
1.893944,-3.829352,1
-1.193414,-4.0865,1
4.134116,-3.625365,1
-0.403509,-3.358888,1
-4.560213,-2.960936,1
4.225782,-1.381042,1
1.36562,-3.476829,1
3.156971,-2.908458,1
-1.863896,-5.026142,1
2.565286,-3.891789,1
-0.132792,-4.629332,1
0.30142,-5.020077,1
-3.373182,-4.981476,1
2.145504,3.367526,1
2.395013,3.281998,1
4.366941,-4.950108,1
5.132775,0.569988,1
2.92062,3.141417,1
-3.285726,-5.843507,1
3.273226,5.519672,1
3.790617,1.956695,1
5.146517,1.513307,1
-2.892441,-5.126483,1
2.628915,3.180097,1
2.812059,-2.132786,1
1.748063,-6.155943,1
4.93684,-1.234843,1
4.377573,3.072766,1
-1.787576,-3.144994,1
-3.276374,-3.463899,1
-4.487322,-3.49131,1
2.66701,-0.712673,1
-1.500679,-4.616078,1
2.076362,-3.912652,1
2.571072,1.338165,1
4.75321,0.097162,1
2.804562,5.950836,1
3.478592,4.625499,1
-3.953395,-0.588816,1
-2.797576,-3.859235,1
-2.741526,-4.286766,1
-2.360371,-3.997322,1
3.678269,2.349104,1
6.291152,3.347306,1
2.689237,-4.178992,1
1.459491,5.520093,1
3.335975,4.590611,1
4.310317,3.809339,1
-1.908221,-6.295152,1
3.435749,2.865566,1
1.978319,-3.010085,1
4.648774,2.235605,1
1.866698,-6.239887,1
5.106389,-3.320556,1
4.299837,-3.62437,1
4.758272,-0.963789,1
3.76306,1.398,1
4.699128,-0.193802,1
3.084493,-4.045619,1
3.232575,0.856362,1
3.665341,4.792242,1
3.286494,-4.957332,1
5.801255,-0.361606,1
3.508641,2.653624,1
3.488552,-2.554259,1
6.150248,-0.94747,1
5.936472,0.470738,1
-5.291076,-3.139124,1
6.468887,-2.841973,1
6.530991,2.397277,1
-3.48995,-4.001216,1
5.197961,-0.60117,1
2.946233,5.462264,1
-4.43281,-2.564099,1
4.203526,-3.737223,1
1.173328,-4.644939,1
3.79548,-1.124195,1
-4.470117,0.313206,1
5.614265,1.152042,1
1.571782,-4.022504,1
4.498429,2.858412,1
4.747834,-1.987777,1
5.610203,2.610115,1
5.224276,-2.257814,1
2.929955,-5.898443,1
2.568573,3.121674,1
6.3138,1.918003,1
4.108717,-0.295392,1
4.126356,3.806295,1
5.521825,-4.402465,1
1.325741,3.841062,1
-5.590969,-3.56608,1
0.629852,-3.583212,1
2.273368,-5.021092,1
1.700093,-5.89979,1
-1.886629,-3.625659,1
-5.990911,-2.178831,1
3.865271,-1.459399,1
-3.711828,-3.562056,1
3.928441,-2.592334,1
2.776825,-2.825655,1
-3.160434,-4.750519,1
4.621522,0.061448,1
-1.421821,-3.156379,1
-6.301838,-3.043099,1
-2.460068,-4.815425,1
-2.005009,-5.015221,1
1.20857,-6.241718,1
3.71876,0.032668,1
5.616002,2.394852,1
7.025657,-0.187925,1
2.791836,-3.544858,1
5.311712,-2.662192,1
-1.585748,-5.374386,1
4.350972,4.446311,1
-0.653883,-5.442147,1
0.734436,-3.715746,1
-3.838908,-3.597021,1
5.797929,-1.04844,1
1.625935,2.093469,1
4.924822,-1.761598,1
0.072319,-3.31406,1
0.017564,-5.467157,1
3.069123,3.453165,1
-2.659458,-3.212589,1
3.638562,-5.372387,1
-1.04094,-2.671644,1
6.244747,-0.33827,1
-0.157567,-5.414572,1
4.834129,0.169096,1
-5.620352,-5.314716,1
4.217262,4.953016,1
4.806978,2.360902,1
1.311351,-4.941718,1
0.670329,-5.861207,1
-0.712202,-3.246598,1
-3.307334,-4.003442,1
-1.121649,-4.474516,1
-1.668254,-5.920283,1
0.834592,-3.012053,1
5.603121,2.626838,1
5.46263,1.129984,1
-0.080524,-4.815896,1
3.064751,-0.265375,1
1.177095,-4.497382,1
4.653412,0.317856,1
-6.218516,-9.762097,2
-8.700638,-1.209597,2
-5.982688,-7.600662,2
-7.800677,-2.080928,2
-7.597879,-6.357923,2
1.029638,0.512519,2
-3.173737,0.203254,2
-8.045796,-6.399294,2
-7.838889,-4.314538,2
-6.610731,-9.213435,2
-7.041615,-0.733084,2
-11.197808,-2.201149,2
-8.069668,-4.531651,2
-0.703611,1.305016,2
-4.298499,1.650066,2
0.621355,-1.456354,2
1.039782,-0.129253,2
-8.847503,-4.096629,2
-9.486376,-3.348023,2
-7.210641,-0.018079,2
-4.720189,-8.29892,2
-5.036485,1.656081,2
-3.28985,0.901759,2
-9.21237,-1.913998,2
-7.533025,-1.550246,2
-3.896217,1.282006,2
-2.227536,-1.221827,2
-4.788635,0.306401,2
-6.405637,-8.223123,2
-8.752581,-1.834118,2
-9.310319,-5.852983,2
-9.547001,-1.254467,2
-7.426941,-4.356305,2
-0.517561,0.70755,2
-6.744013,1.06834,2
-0.495586,0.931921,2
-8.185909,-6.739344,2
-7.369319,-4.810722,2
-4.119895,3.064824,2
-7.076369,-7.288459,2
-9.279035,-3.2567,2
-1.966951,1.040351,2
-7.583861,-3.835278,2
-8.211439,-7.345554,2
-7.461187,-3.548728,2
-5.259503,-7.555387,2
-9.046819,-1.270368,2
-3.622195,2.326363,2
-5.013572,1.706127,2
-5.146281,-9.084855,2
-8.336898,-6.513199,2
-1.719303,1.098199,2
-2.336444,1.615617,2
-2.526233,1.560335,2
-1.460114,0.065181,2
-5.358134,2.316234,2
-4.969084,2.01982,2
-9.191172,-3.671692,2
-7.96859,-7.06738,2
-9.100133,-2.595102,2
0.203264,1.875451,2
-6.150672,0.87133,2
-6.776945,-10.175192,2
-7.114357,0.808073,2
-6.097093,1.244786,2
-6.946342,-6.975643,2
-8.885608,-5.110267,2
-5.080198,-8.592822,2
-2.351025,0.111193,2
-6.760677,-0.437217,2
2.364328,-2.513116,2
-10.031061,-5.835991,2
-8.483459,-7.289339,2
-8.348162,-0.54934,2
-2.263186,-0.281774,2
-7.264091,-4.537653,2
-5.055606,1.500606,2
-1.657343,-0.150912,2
-4.712249,-0.099604,2
-7.271362,-5.326617,2
-0.504773,-0.894288,2
0.685138,1.334603,2
-7.123477,-6.059267,2
-6.718753,-0.242965,2
-8.969969,-6.845985,2
-7.264233,-8.611195,2
-1.442045,2.577516,2
-5.787961,-6.73569,2
-2.806896,1.872184,2
-8.797149,-3.69755,2
-5.50807,-4.381176,2
-6.12462,-0.396259,2
-0.695372,1.088031,2
-4.086312,-2.07825,2
-8.643513,-1.228889,2
-5.925812,-1.560857,2
-5.004175,0.680842,2
-8.216612,-1.807351,2
-6.593879,0.277765,2
-1.545637,-0.346962,2
-7.722357,-2.433852,2
-8.870371,-4.760971,2
1.345836,-2.482166,2
-9.251119,-9.153332,2
-7.850453,-3.225122,2
-0.572264,1.03544,2
-7.485652,1.306229,2
-0.921855,0.648192,2
-5.603722,0.259059,2
-7.008418,-5.689508,2
-7.959101,-6.149526,2
-5.083897,-9.987309,2
-6.031415,-6.731184,2
-3.7452,4.687605,2
-2.147954,0.289907,2
-7.962033,-7.026955,2
-6.035225,-0.389679,2
-0.587081,-0.609499,2
-0.533051,0.10187,2
2.419403,-2.249905,2
-7.175134,-6.871945,2
-8.067814,-7.182643,2
-8.763539,-5.501857,2
-0.480053,-0.305349,2
-2.13763,0.705988,2
-5.949523,-7.910028,2
-10.073896,-4.680957,2
-1.138971,-0.147315,2
-6.781101,1.125228,2
-0.482834,-2.627045,2
0.844241,0.248982,2
1.178597,-0.445482,2
-9.880225,-7.133901,2
-9.878985,-2.715233,2
-3.279185,-0.312825,2
-8.710099,-4.053863,2
-0.943948,3.060741,2
-2.521216,0.41851,2
-5.95056,0.945351,2
-5.808512,0.453271,2
-3.640572,2.568168,2
-8.966125,-5.216362,2
-4.821242,0.644095,2
-6.98466,-7.312028,2
-7.931046,-6.689402,2
-7.328502,-8.621171,2
-3.525736,2.012189,2
-6.41642,-1.224049,2
-3.061918,1.748193,2
-8.380408,-1.214756,2
-4.99346,0.954079,2
0.498345,0.18504,2
-7.991319,0.710673,2
-6.724398,-1.475976,2
-5.779105,0.713535,2
-9.572488,-3.764737,2
-8.190085,-0.650869,2
-3.529849,0.972513,2
-6.407639,0.724163,2
-1.280267,-0.359437,2
-9.932678,-4.821684,2
-0.167849,-1.949264,2
-6.854682,0.323072,2
-7.195217,-6.74234,2
-6.282074,-0.384592,2
-2.230945,1.601417,2
-0.860994,-2.111307,2
-9.452878,-3.990214,2
-8.199089,-3.465438,2
-9.829,-5.047713,2
-7.116712,-6.810382,2
-5.179494,1.509948,2
-0.106529,0.517331,2
-6.943999,-8.5374,2
-4.349417,1.367849,2
-7.435215,0.775178,2
-9.089369,-4.873428,2
-0.79201,0.360873,2
-6.918896,-4.07123,2
0.406596,-0.709129,2
0.505018,-0.148154,2
-9.351849,-3.045053,2
-7.884212,-7.011861,2
-5.681368,-7.991675,2
-7.64717,-7.085699,2
-9.526046,-4.70844,2
-5.653512,2.757308,2
-9.659991,-6.150674,2
-8.430707,-4.519209,2
-8.629555,-1.446352,2
2.2109,-0.634744,2
-7.14257,-0.319128,2
-9.763125,-3.301753,2
-4.145299,1.075017,2
-1.165494,3.13231,2
-9.391019,-2.50131,2
-8.296562,0.288582,2
-8.235301,-4.274711,2
-8.586611,-3.672951,2
-5.984802,-6.990958,2
-8.643806,-5.047103,2
-0.010619,-0.975659,2
-7.750721,0.837041,2
-6.891645,-7.332689,2
-6.658447,-8.573004,2
-6.997354,-2.979951,2
-1.888541,-0.072476,2
-9.592199,-5.384181,2
-6.144514,0.08145,2
-3.607966,1.229331,2
-2.693119,-0.946948,2
-2.255464,2.525395,2
2.380882,-0.76657,2
-7.718088,-2.755255,2
-10.715842,-4.53902,2
-6.766104,0.048982,2
-5.901065,0.108764,2
-3.203491,0.265188,2
-5.359642,0.697809,2
-0.473002,0.429423,2
-8.559746,-5.198781,2
-2.775681,0.62698,2
-6.439789,-0.508529,2
-1.478834,0.751065,2
-2.380265,0.245557,2
-5.991829,-8.608161,2
-8.114967,-6.393685,2
-6.53141,0.530928,2
-7.200252,-6.79899,2
-8.05372,-2.603206,2
-3.458601,0.683779,2
-8.478905,-2.174446,2
-5.231533,0.112288,2
-1.734518,-1.277679,2
-8.277296,-7.445257,2
0.51875,0.56841,2
-5.859921,-8.538463,2
-7.710344,-2.378607,2
-9.000939,-4.213839,2
-10.137972,-1.152932,2
-7.159626,-1.337955,2
-3.157576,1.04155,2
-0.69704,-0.294617,2
-7.816541,-4.689745,2
-7.359274,-7.388793,2
-8.76169,-5.240998,2
-7.263643,-3.789481,2
-4.73214,1.150481,2
-7.306555,0.560539,2
-6.487025,0.894252,2
-3.424064,0.082954,2
-9.005498,-2.23258,2
1.557022,-0.682397,2
-8.600152,-3.167928,2
-6.900827,-0.20169,2
-6.667078,-7.875921,2
-7.324656,-6.606699,2
-0.254547,0.213313,2
-6.208692,-8.565404,2
0.070442,-2.183057,2
-9.518552,-3.286626,2
-9.482672,-5.540364,2
-0.053464,-0.035221,2
-7.429629,-7.257102,2
-6.348573,1.161901,2
-3.403724,0.947266,2
-8.634249,-4.747365,2
-7.102827,-2.448974,2
-8.151027,-5.44053,2
0.578692,-1.880861,2
-4.036415,1.221929,2
-2.242041,0.076092,2
-8.806723,-4.337324,2
-0.740997,1.01292,2
-7.378152,1.000562,2
-0.415056,-1.494654,2
0.704373,-0.954537,2
1.581257,-1.331427,2
-2.773508,-0.88888,2
-8.200095,-1.65676,2
-9.218582,-2.034951,2
-7.797575,1.908616,2
-9.19829,-2.571378,2
-5.903568,0.283916,2
-8.902404,-3.801198,2
-0.985505,2.822373,2
-7.523198,-0.531757,2
-6.198371,-9.639595,2
-3.715387,1.754499,2
-8.231542,-2.975821,2
-9.416555,-5.235541,2
-3.735411,-0.726895,2
-7.552199,-4.415434,2
-8.65662,-7.372628,2
-8.752738,-2.964922,2
-6.969324,-5.407919,2
-7.21702,-6.159521,2
-5.84157,-9.158601,2
-8.877614,-4.403665,2
-6.949118,-2.13065,2
-7.953154,-0.69392,2
-2.058293,0.270322,2
-4.079283,-0.86828,2
-6.206346,-0.143139,2
-6.352664,0.094521,2
-7.561997,-6.661385,2
-5.352385,-7.615063,2
-7.298585,-2.624284,2
-5.763871,-8.82364,2
-6.423078,-0.636529,2
-3.985507,1.468289,2
0.905365,-1.323663,2
-0.897816,0.985547,2
-6.36119,0.628722,2
-7.136529,-8.276039,2
1.103294,-2.8935,2
-5.453815,-6.493942,2
-2.452906,0.705861,2
-6.17849,1.602098,2
-5.070008,0.332914,2
-8.184521,-4.693624,2
-7.632116,0.046599,2
-8.163507,-0.61868,2
-8.747025,-4.541419,2
-5.286423,2.272645,2
-5.546472,-8.371969,2
-0.959612,0.471902,2
-9.355632,-1.284096,2
-6.094767,1.141016,2
-7.508558,-0.613592,2
1.197736,-2.045807,2
-6.854344,-7.592684,2
-0.036213,-0.018393,2
-7.01101,-1.654211,2
-8.805785,-2.790963,2
-7.424184,-3.231844,2
-1.007153,0.996052,2
-8.963238,-1.894672,2
-0.539243,0.302087,2
-4.459772,-0.140211,2
-7.401357,-1.96263,2
-9.887375,-5.58292,2
0.035053,-0.840528,2
-2.698135,-0.009156,2
-7.777308,-5.49064,2
-0.315581,-0.090648,2
-3.08297,0.908811,2
-8.83117,-2.603461,2
-8.672405,0.235381,2
0.611076,-0.626386,2
-7.350656,-5.83944,2
-8.833518,-3.343293,2
-1.194118,-0.777712,2
-7.716216,-4.447903,2
-4.161758,-0.229917,2
-7.674626,-5.056747,2
-0.299607,0.602636,2
-2.360703,0.720758,2
-7.681942,-0.416722,2
-9.227749,-8.839995,2
-8.608788,-0.380886,2
-5.115854,1.49496,2
-10.077025,-6.02945,2
-7.941299,-4.80523,2
-6.219242,1.278888,2
-7.36398,-0.596107,2
-6.945045,-5.637582,2
-9.363522,-1.832724,2
-1.821344,-1.389778,2
-2.279529,-1.019191,2
-0.123131,3.809946,2
-7.551401,-1.085509,2
-7.619036,-5.974617,2
-0.845133,1.502147,2
1.845185,-1.967389,2
0.970816,0.214962,2
-4.298895,1.681285,2
-9.242597,-6.34591,2
-8.456658,-6.04018,2
-5.759355,-7.411965,2
-7.132173,-3.656894,2
-6.664221,-7.485599,2
-3.493942,0.399333,2
-8.204284,-4.388721,2
-4.204641,0.768269,2
-8.811862,-5.703074,2
-2.165679,1.583003,2
-6.723577,-0.008179,2
-8.859485,-3.498179,2
-8.043078,-0.832918,2
-3.744879,1.756508,2
-7.624339,-1.18659,2
-0.309636,2.983223,2
-7.752105,0.225347,2
-3.598109,0.526741,2
-8.502727,-1.986022,2
-2.937951,3.12082,2
-7.780804,-4.62763,2
-0.996911,-0.05292,2
-8.896761,-4.181408,2
-8.187963,0.727831,2
-8.776198,-0.441454,2
-7.003619,-0.706447,2
0.295918,-0.277455,2
-2.834836,0.71135,2
-8.435946,-6.027615,2
-7.723347,0.52926,2
1.616131,-1.497335,2
-7.440675,-4.830566,2
-1.671086,1.365806,2
-2.7964,1.421199,2
-1.191199,2.818359,2
-8.009788,1.711325,2
-8.662817,-0.188126,2
-11.300527,-7.401843,2
-2.843904,0.162109,2
-3.86744,2.283799,2
-9.643012,-2.460973,2
-7.838336,-7.448569,2
-8.143866,0.35827,2
-8.266038,-4.50376,2
-8.810449,-4.412297,2
-4.264745,-7.125776,2
-7.704861,-3.969238,2
-7.282375,0.752662,2
-9.319377,-2.507601,2
-5.463236,-7.575794,2
-5.9876,-0.087109,2
-5.35292,-8.419377,2
-6.824481,-0.351325,2
-8.679936,1.321263,2
-4.860818,1.267009,2
-7.315945,-5.869277,2
-9.032109,-0.968953,2
-8.327024,-4.696815,2
-7.175557,0.134922,2
-3.411776,-0.937313,2
-1.441008,0.015388,2
-7.531915,-5.110958,2
-4.874101,1.044162,2
-8.014995,-0.566348,2
-1.044511,0.41714,2
-6.641691,1.371103,2
-1.291908,-1.076583,2
-8.172997,-5.203927,2
-7.387524,-0.160339,2
-7.487513,-4.854669,2
-6.109568,-9.705839,2
0.747803,-0.44955,2
-8.231715,-4.026544,2
-5.956504,-8.246867,2
0.541699,0.688614,2
-5.993274,-0.533425,2
-0.876358,0.783872,2
-11.115343,-4.352252,2
-2.237285,0.893813,2
1.180221,-0.085088,2
-0.661501,-0.035261,2
-2.182225,0.027609,2
-9.171533,-2.67432,2
-4.396932,0.431383,2
1.617938,-2.494032,2
-8.610062,-4.824637,2
-6.855728,-5.494268,2
1.343549,0.621377,2
-4.513777,1.655834,2
-4.401257,1.887264,2
-9.10934,-0.206049,2
-5.986989,-9.335402,2
-9.319881,-3.893803,2
-1.776841,0.343308,2
-0.160411,0.288914,2
-8.453959,-4.102085,2
-7.762923,-0.005407,2
-8.326658,-6.970504,2
-5.893603,-8.842735,2
-4.899442,1.097732,2
-3.346495,1.054471,2
-4.92782,-1.914045,2
-4.837905,0.514567,2
-7.421666,-0.846386,2
-8.448046,-1.632502,2
-8.048022,-2.370556,2
-7.131717,-8.199704,2
-3.916344,3.11673,2
-0.205833,0.930716,2
-8.916981,-8.887198,2
-3.374167,0.068159,2
-5.138622,2.306439,2
-10.619551,-3.187456,2
-3.077511,1.411367,2
-1.473791,1.613393,2
-1.567701,0.455686,2
-2.453722,2.96483,2
0.988808,-0.787615,2
-0.548979,0.501552,2
-8.804556,0.091557,2
-9.634756,-3.439531,2
-7.856417,-3.555528,2
-6.057759,-7.617208,2
0.912364,-0.353413,2
-8.237097,-0.697276,2
-8.16253,-2.140546,2
-9.379827,-2.002041,2
-7.216024,-4.801984,2
-7.482338,-7.169338,2
-9.025483,-0.221266,2
-6.136948,1.582901,2
1.128456,-1.393998,2
-2.986023,-0.101702,2
-6.136214,-8.519939,2
-4.866861,-0.324138,2
-10.345855,-3.852971,2
-7.89748,-7.842607,2
0.609086,-1.008851,2
-9.131288,-1.266563,2
-7.836924,-7.463948,2
-6.928423,1.53066,2
-9.706226,-2.513642,2
-3.263225,1.761797,2
-5.716956,1.333331,2
-2.168549,1.07744,2
-7.994768,-5.182803,2
-6.404868,-0.172967,2
-7.107874,-3.737755,2
-0.368005,1.098149,2
-5.262,0.729385,2
-8.2192,0.912526,2
-1.4729,-2.615963,2
-9.236402,-3.125415,2
1.023001,-1.364656,2
-3.614171,0.9147,2
-0.196624,-0.606578,2
-5.643108,1.247318,2
-6.735837,0.222505,2
-3.655552,0.477898,2
-6.708878,-7.137332,2
-2.30774,0.367978,2
1.120927,-0.960102,2
-3.607708,0.75603,2
0.603203,0.134674,2
-8.374743,-5.854352,2
-6.910828,-6.850073,2
-3.136019,0.57238,2
-5.596823,-3.985898,2
-11.099064,-4.910432,2
-1.305184,-0.106525,2
-2.735185,2.703599,2
-1.288581,1.525957,2
-5.69591,1.493529,2
-10.678055,-7.828706,2
-8.950044,-4.407833,2
-1.273705,0.146435,2
-6.810266,0.903007,2
-1.537733,0.090276,2
-4.8953,1.713594,2
-9.636864,-4.908351,2
-9.805679,-7.084957,2
-7.209773,-6.575425,2
-4.620502,1.16182,2
-9.015973,-2.294723,2
-2.904405,-0.413614,2
-4.039775,2.061648,2
1.413142,-1.282072,2
-8.864825,-3.184883,2
-7.241944,-0.994953,2
-0.750448,-2.04178,2
2.811067,-1.28954,2
-4.804537,-7.921647,2
-8.337177,-1.010824,2
-2.727434,3.538749,2
-8.180349,-7.431268,2
-6.700658,0.689907,2
-0.561005,-2.0116,2
-8.549426,-7.132658,2
-5.289346,-8.583328,2
-7.999169,-2.615306,2
-9.017944,-3.873325,2
-7.648729,1.397164,2
-9.162683,-3.698978,2
-5.624233,0.858401,2
-5.470469,-0.230705,2
-6.55134,-1.091086,2
0.29477,-1.15488,2
-5.609487,-7.249607,2
-4.189916,1.718406,2
-2.79259,3.206065,2
-8.532146,-1.018661,2
-4.958112,-0.112345,2
-6.257536,1.521501,2
-5.93646,1.591187,2
-8.699748,-4.557023,2
-0.819666,-0.2649,2
-6.508775,0.672157,2
-10.608493,-5.115616,2
-2.107656,-1.360322,2
-8.491164,-4.331244,2
-2.121908,-0.12028,2
-9.26844,-5.280316,2
-3.068318,1.62419,2
-4.180606,1.228087,2
-6.992418,-7.823603,2
-9.627823,-7.373911,2
-5.254018,-1.192046,2
-2.372441,-0.504633,2
-8.949908,-1.547876,2
-8.026437,-0.77625,2
-7.303264,-7.339031,2
-5.200381,1.843178,2
-4.203615,0.422129,2
-8.146918,-3.586603,2
-7.942864,-6.798246,2
-9.174311,-3.785218,2
-1.645914,1.006757,2
-0.154122,-1.169506,2
-9.689839,-6.178229,2
-7.854584,-3.671301,2
-2.005995,0.47065,2
-7.287523,-7.624145,2
-8.719308,-1.920739,2
-8.174311,-1.847146,2
-7.813074,-8.255962,2
-1.768288,1.249808,2
-9.139042,-3.077154,2
-7.738428,-2.448408,2
-8.971169,-7.148943,2
-6.952834,-0.697493,2
-7.807494,-2.433809,2
-7.8766,-0.862481,2
-4.21676,-6.922328,2
-5.650316,0.277921,2
-0.002888,-0.091861,2
0.092515,-0.952335,2
-7.450122,-4.5665,2
-7.556272,-2.26856,2
-8.702241,-3.58674,2
-6.240165,0.267171,2
0.188864,0.342598,2
-1.177053,0.036135,2
-9.10557,-4.964508,2
0.664683,0.564215,2
-8.740042,-6.757842,2
-6.008649,0.025107,2
-3.209884,1.627147,2
-6.107538,-8.732492,2
-7.673347,-1.665651,2
-1.233523,1.85123,2
-9.236499,-8.153666,2
-9.312559,-3.360193,2
-7.552687,-7.313539,2
0.301418,-0.28257,2
-6.591212,-1.895388,2
-6.688855,-1.066191,2
-8.515265,-3.89141,2
-6.07525,-8.407578,2
-7.946344,-2.247735,2
-8.799087,-3.435605,2
-8.613532,-8.155542,2
-7.932556,-0.624044,2
-6.909375,1.577945,2
-5.355278,0.968889,2
-9.436226,-1.842256,2
-9.119396,-4.247096,2
-4.468985,1.751878,2
-7.800634,2.094977,2
-8.957023,-0.710683,2
0.486482,0.432447,2
-6.615249,-8.7461,2
-5.684828,-0.658188,2
0.503744,1.59383,2
-6.690197,-5.998687,2
-8.263482,-2.599595,2
-6.067732,0.617293,2
-8.124635,-7.216956,2
-0.833225,0.041728,2
-7.238092,0.70596,2
-7.584541,-5.172231,2
-9.013718,-2.704785,2
-4.006709,1.139489,2
-4.572743,2.826288,2
-8.628952,-0.96075,2
-3.326478,2.926484,2
-9.927417,-2.418614,2
-8.16411,-0.508924,2
-6.982635,1.200781,2
-8.011313,-1.513076,2
-6.061394,-8.925856,2
-2.851666,2.543452,2
-6.299342,-8.366698,2
-6.603954,-6.68329,2
-7.414176,-1.163121,2
-0.336319,-1.57569,2
-6.392673,-8.076928,2
-1.871346,-1.686297,2
-6.541954,-7.796207,2
-8.309994,-2.853591,2
-7.700634,-3.484014,2
0.194591,-2.253627,2
-8.192673,-6.225705,2
-8.038814,-8.20474,2
0.834725,-0.421034,2
-7.916317,1.711644,2
-8.199162,-2.30988,2
-4.642591,1.933403,2
-6.315046,0.725719,2
-5.537126,-6.577778,2
-3.702445,2.770253,2
-8.89687,-2.240068,2
-1.903084,2.429543,2
-0.524775,0.659717,2
-5.822861,-7.186603,2
-1.813468,2.119811,2
0.162816,0.548057,2
0.13083,-0.448659,2
-3.320157,1.12996,2
-9.703707,-4.356486,2
-5.655882,-0.230256,2
-8.679934,-1.436436,2
-8.52726,-0.228832,2
1.50596,-0.866215,2
-6.202401,-8.164712,2
-6.081041,1.033522,2
-3.918967,1.834691,2
-6.699934,-8.982171,2
-1.784106,1.131148,2
-0.270845,0.571031,2
-2.754391,0.144828,2
-8.591414,-2.994312,2
-8.361972,-1.014564,2
-4.276003,2.207241,2
-6.259933,-5.884594,2
-7.606203,-6.27166,2
-0.098613,-0.205431,2
-8.896231,-5.787369,2
-5.83028,1.851849,2
-6.500977,0.775272,2
-2.309463,-0.921737,2
-2.386578,2.104417,2
-1.683485,2.055149,2
-6.471107,1.668048,2
-8.113874,-3.240352,2
0.596512,-1.18197,2
-1.616279,1.722449,2
-4.673927,1.866826,2
0.427675,-0.31174,2
-7.0979,-7.434059,2
-4.852407,-0.938654,2
-5.179745,0.19602,2
-8.556293,-5.87333,2
-8.451441,-1.952138,2
-5.990164,0.624306,2
-1.036635,1.278144,2
-6.248283,-7.793821,2
-6.730878,-4.45627,2
-5.651007,-1.46495,2
-8.098575,0.386114,2
-8.454948,-1.482844,2
-6.600726,-2.776775,2
-7.694256,-4.857651,2
-5.876765,0.828846,2
-6.960824,-1.990392,2
-1.773739,0.800267,2
-5.392881,0.937464,2
-2.821094,3.07064,2
0.415496,1.264597,2
-1.789101,0.432776,2
-7.513574,-6.479835,2
-12.0269,-1.37826,2
-9.447416,-2.613761,2
-8.192517,-7.405392,2
-9.713948,-1.609998,2
-4.419347,0.672472,2
-6.707941,-0.403369,2
0.145451,-0.395468,2
-5.924267,-0.544585,2
-5.445764,-5.612605,2
-4.512849,1.406778,2
-6.254847,0.524988,2
-9.624286,-5.328482,2
-2.230567,0.330914,2
0.561672,1.364277,2
-2.026936,2.12605,2
-7.221242,-5.690195,2
-8.772223,-5.698567,2
-5.298604,1.547749,2
-2.628997,2.052779,2
-10.012124,-1.7479,2
-4.613217,-7.696137,2
-10.291252,-4.274093,2
-1.389414,-0.014751,2
-8.793088,-5.86929,2
0.48772,-3.630929,2
-8.850307,-5.572788,2
-0.369165,0.34762,2
-0.648408,-0.330146,2
-6.572999,-8.832083,2
-8.742763,-3.663517,2
-1.194333,-1.491529,2
-1.361105,0.228486,2
-4.955938,1.412113,2
-8.216335,-4.136738,2
-1.985778,1.015283,2
1.156509,-1.542634,2
-9.372288,-5.977308,2
-2.521196,1.647425,2
-5.855508,1.729245,2
-10.424784,-3.282966,2
-8.800451,-7.641059,2
-8.374957,-3.342637,2
-1.183016,0.341817,2
-7.822666,-2.969377,2
-7.90526,-3.159559,2
-3.190935,1.741005,2
-6.899669,-0.108019,2
-6.397174,-0.42383,2
-6.498549,1.872082,2
-6.280791,-0.414556,2
-10.091047,-2.58669,2
-6.655283,-7.536078,2
-7.403358,-6.827067,2
-8.752897,-2.798491,2
-6.428869,-6.823916,2
-7.00817,0.081067,2
-0.022299,-1.467068,2
-1.192199,1.402483,2
-8.107092,0.010309,2
-8.462044,-0.995593,2
-1.377518,1.07703,2
-2.85256,0.246179,2
-6.409277,-8.779093,2
-4.641907,3.178215,2
-7.117887,1.513299,2
-1.203408,1.219304,2
-8.454159,-1.008869,2
-0.958282,1.092231,2
-8.679507,2.856675,2
0.775375,-2.996543,2
-9.482715,-0.203829,2
-0.121645,-1.639668,2
-8.240623,-2.380637,2
-6.011744,1.558335,2
-4.062849,1.286651,2
-3.871343,2.575021,2
-8.121984,-0.870975,2
-8.277461,-0.978774,2
-7.566081,-5.682733,2
-5.494592,-1.829375,2
-8.788831,-2.079867,2
-1.586902,-0.496995,2
-8.39976,-2.136845,2
-7.295711,-0.893751,2
-7.398398,-3.987121,2
-9.015053,-2.434004,2
-7.737915,-4.077936,2
-2.027157,1.550107,2
-7.08767,-7.377731,2
-6.422916,-7.30744,2
-8.500487,-2.315002,2
-1.779215,0.163846,2
-9.83529,-3.08798,2
-3.338984,-0.966963,2
-7.698217,-9.277253,2
-8.49431,-3.728662,2
-7.54858,-7.437686,2
0.202931,1.033939,2
-6.483295,-0.470481,2
-3.622859,0.468273,2
-3.349346,0.393142,2
-1.083321,-2.264451,2
-5.3967,1.768763,2
-2.227721,-0.08884,2
-1.975995,1.322193,2
-4.515288,0.369791,2
-8.09018,-2.428593,2
-7.574095,-5.379141,2
-6.135646,-0.697406,2
-1.867666,0.248992,2
-4.640759,0.242184,2
-5.700257,-7.42237,2
-8.34715,0.648758,2
-7.705631,-7.779632,2
-0.268625,0.389615,2
-4.868196,0.906565,2
-5.717683,-8.585272,2
-4.017997,-7.976353,2
-6.521308,0.124942,2
-5.934453,1.181034,2
-1.827716,0.593078,2
-5.346791,0.868888,2
-8.824915,-8.834188,2
0.13356,0.48007,2
-2.752101,0.086824,2
0.606772,-0.774585,2
-5.151412,-10.470587,2
0.332961,-1.061045,2
-6.8814,-9.554869,2
-1.946563,1.9211,2
-0.283055,1.628702,2
-0.268397,-1.019488,2
-9.67245,-6.314585,2
-5.391725,-1.853716,2
-6.327569,-2.076944,2
-7.576442,-6.992735,2
-9.027679,-1.265639,2
-7.690378,-7.369255,2
-4.845837,1.529009,2
-8.675471,-4.869077,2
-1.721838,0.635852,2
-9.37601,-2.202745,2
-8.992844,-2.154748,2
-8.680923,-4.961483,2
-5.732055,2.677575,2
-5.541416,1.603555,2
-0.766229,0.125946,2
-5.114501,-8.019124,2
-8.824993,-3.334808,2
-11.258665,-3.451746,2
-3.169516,1.366479,2
-8.224213,-3.918734,2
-0.722377,-0.663728,2
0.06866,-0.702805,2
-5.994328,0.682921,2
-7.993173,-1.795056,2
-1.783683,1.805735,2
-1.582897,-0.323659,2
-1.479765,-0.171463,2
-7.399269,-7.773705,2
-7.215461,-7.039834,2
-9.18692,-2.510007,2
-7.050221,-6.653804,2
-5.387784,-8.199372,2
-6.742294,-7.196436,2
-6.801532,-7.478127,2
-8.628046,-1.831214,2
-7.104081,-4.143203,2
-2.560383,-0.182314,2
-5.50909,3.140087,2
-9.716596,-3.647167,2
-1.518739,1.380483,2
-1.688099,0.296828,2
-7.449142,-2.349511,2
0.261888,-1.375227,2
-0.790256,0.697485,2
-6.493464,-0.953045,2
-5.063689,1.293348,2
-7.114406,0.943301,2
-7.58342,-7.313491,2
-0.492242,1.155868,2
-9.574704,-3.495316,2
-7.018437,-7.058033,2
0.697834,-1.305634,2
-8.283416,-6.634206,2
-6.238491,0.246886,2
-6.004713,0.226328,2
-8.636294,-3.409555,2
-8.960966,-3.974594,2
-7.750017,-7.006896,2
-7.082148,-7.975372,2
0.792708,-2.097414,2
-5.116395,-0.001009,2
-8.315787,-3.674015,2
0.587071,-3.059428,2
-8.537041,-2.143964,2
-8.508219,-2.279216,2
-10.716559,-0.928645,2
-2.938638,1.080029,2
-6.437725,-0.638122,2
-6.802229,2.394101,2
-6.908347,-8.279348,2
-6.754866,0.34101,2
-0.493897,0.8647,2
-8.362231,-6.044658,2
-7.116001,-0.157757,2
-6.795441,0.558766,2
-9.187149,-3.95297,2
-9.261751,-2.044559,2
0.592649,0.431662,2
-0.142117,-0.791409,2
-5.973263,2.107344,2
-6.073517,-0.263967,2
-10.600532,-3.289107,2
-6.508165,-8.943647,2
-8.676757,-1.664373,2
3.571573,-2.932298,2
-10.44364,-4.369837,2
-5.876196,1.004265,2
-4.659317,2.169297,2
-7.601706,-7.094721,2
0.466831,-0.685231,2
-3.055105,1.303152,2
-8.437117,-1.735536,2
1.346768,0.837951,2
-4.745885,0.524378,2
-6.911288,-8.23243,2
-10.418727,-2.084954,2
0.506076,-1.074994,2
-2.105947,2.576888,2
-2.305527,-0.10557,2
-3.028703,-0.133245,2
-8.372368,-3.562797,2